,,key3/D#
Year Released,duration_ms,-0.658818216986001
Year Released,energy,-0.5947881789202806
danceability,acousticness,-0.5826987692529825
danceability,energy,-0.692461722713033
energy,explicit,-0.5431357498689074
explicit,loudness,-0.6356433557860494
liveness,acousticness,0.5909101119445161
liveness,danceability,-0.553017553262041
loudness,speechiness,-0.6742872656980591
loudness,valence,0.6206468977768961
popularity,duration_ms,-0.5470171229217219
speechiness,duration_ms,-0.5262659723995425
speechiness,explicit,0.7572031953473112
speechiness,popularity,0.5777083913681171
